Type,Tags
T-Shirt,"100% Cotton,Adult,Apparel,Breathable,Cotton,Men,Polyester,Reflective Tape,Tops,UPF Protection,Workwear"
Polo,"Adult,Apparel,Breathable,Men,Polyester,Tops"
Polo,"Adult,Apparel,Breathable,Hi-Vis,Polyester,Tops,Unisex"
Polo,"Adult,Apparel,Breathable,Hi-Vis,Men,Polyester,Reflective Tape,Tops"
Polo,"Adult,Apparel,Breathable,Hi-Vis,Men,Polyester,Tops"
Other,"Adult,Apparel,Breathable,Hi-Vis,Men,Polyester"
T-Shirt,"Adult,Apparel,Breathable,Hi-Vis,Men,Polyester,Reflective Tape,Tops"
Polo,"Adult,Apparel,Breathable,Hi-Vis,Men,Polyester,Stretch,Tops"
Polo,"Adult,Apparel,Breathable,Hi-Vis,Polyester,Reflective Tape,Tops,Unisex"
Polo,"Adult,Apparel,Breathable,Cotton,Hi-Vis,Men,Polyester,Tops"
Polo,"100% Cotton,Adult,Apparel,Cotton,Hi-Vis,Men,Tops"
T-Shirt,"100% Cotton,Adult,Apparel,Cotton,Hi-Vis,Men,Reflective Tape,Tops"
Polo,"Adult,Apparel,Breathable,Hi-Vis,Polyester,Reflective Tape,Stretch,Tops,Unisex"
Polo,"Adult,Apparel,Breathable,Hi-Vis,Men,Polyester,Reflective Tape,Stretch,Tops"
Polo,"Adult,Apparel,Breathable,Hi-Vis,Polyester,Tops,Women"
T-Shirt,"100% Cotton,Adult,Apparel,Breathable,Cotton,Polyester,Reflective Tape,Tops,UPF Protection,Women,Workwear"
Hoodie,"Adult,Apparel,Outerwear,Polyester,Unisex,Workwear"
Hoodie,"Adult,Apparel,Cotton,Outerwear,Polyester,Unisex"
Hoodie,"Adult,Apparel,Cotton,Outerwear,Polyester,Reflective Tape,Unisex"
Shirt,"Adult,Apparel,Hi-Vis,Polyester,Tops,Unisex"
Hoodie,"Adult,Apparel,Cotton,Hi-Vis,Outerwear,Polyester,Unisex"
Hoodie,"Adult,Apparel,Hi-Vis,Outerwear,Polyester,Reflective Tape,Stretch,Unisex"
Hoodie,"Adult,Apparel,Hi-Vis,Outerwear,Polyester,Unisex"
Sweatshirt,"Adult,Apparel,Hi-Vis,Polyester,Reflective Tape,Stretch,Unisex"
Hoodie,"Adult,Apparel,Outerwear,Polyester,Unisex,Water Resistant"
Hoodie,"Adult,Apparel,Outerwear,Polyester,Reflective Tape,Unisex,Water Resistant,Workwear"
Shortsleeve Shirt,"100% Cotton,Adult,Apparel,Cotton,Hi-Vis,Men,Tops"
Shortsleeve Shirt,"100% Cotton,Adult,Apparel,Cotton,Men,Tops,Twill"
Longsleeve Shirt,"100% Cotton,Adult,Apparel,Cotton,Men,Tops,Twill"
Longsleeve Shirt,"100% Cotton,Adult,Apparel,Cotton,Men,Tops,Twill,Workwear"
Longsleeve Shirt,"100% Cotton,Adult,Apparel,Cotton,Hi-Vis,Men,Reflective Tape,Tops,Twill,Workwear"
Longsleeve Shirt,"Adult,Apparel,Cotton,Hi-Vis,Men,Ripstop,Stretch,Tops"
Longsleeve Shirt,"Adult,Apparel,Breathable,Cotton,Hi-Vis,Men,Reflective Tape,Ripstop,Stretch,Tops"
Shirt,"Adult,Apparel,Fire Retardant,Hi-Vis,Reflective Tape,Tops,Women"
Shirt,"Adult,Apparel,Hi-Vis,Men,Reflective Tape,Tops"
Shirt,"Adult,Apparel,Breathable,Cotton,Hi-Vis,Men,Reflective Tape,Tops"
Shirt,"Adult,Apparel,Hi-Vis,Reflective Tape,Ripstop,Tops,Women"
Shirt,"Adult,Apparel,Hi-Vis,Men,Reflective Tape,Ripstop,Tops"
Longsleeve Shirt,"Adult,Apparel,Cotton,Hi-Vis,Men,Reflective Tape,Ripstop,Stretch,Tops"
Longsleeve Shirt,"Adult,Apparel,Cotton,Men,Ripstop,Stretch,Tops"
Shortsleeve Shirt,"Adult,Apparel,Cotton,Men,Ripstop,Stretch,Tops"
Longsleeve Shirt,"Adult,Apparel,Breathable,Men,Polyester,Ripstop,Tops,UPF Protection"
Shortsleeve Shirt,"Adult,Apparel,Breathable,Men,Polyester,Ripstop,Tops,UPF Protection"
Longsleeve Shirt,"Adult,Apparel,Breathable,Hi-Vis,Men,Polyester,Ripstop,Tops"
Longsleeve Shirt,"Adult,Apparel,Breathable,Hi-Vis,Men,Polyester,Reflective Tape,Ripstop,Tops"
T-Shirt,"Adult,Apparel,Breathable,Hi-Vis,Men,Polyester,Tops"
Longsleeve Shirt,"100% Cotton,Adult,Apparel,Cotton,Hi-Vis,Men,Tops,Twill"
Longsleeve Shirt,"100% Cotton,Adult,Apparel,Cotton,Hi-Vis,Men,Reflective Tape,Tops,Twill"
Longsleeve Shirt,"100% Cotton,Adult,Apparel,Cotton,Hi-Vis,Men,Reflective Tape,Tops"
Shirt,"100% Cotton,Adult,Apparel,Cotton,Hi-Vis,Men,Reflective Tape,Tops,Twill"
Longsleeve Shirt,"Adult,Apparel,Breathable,Cotton,Hi-Vis,Reflective Tape,Ripstop,Stretch,Tops,Women"
Longsleeve Shirt,"Adult,Apparel,Breathable,Polyester,Ripstop,Tops,UPF Protection,Women"
Shortsleeve Shirt,"Adult,Apparel,Breathable,Polyester,Ripstop,Tops,UPF Protection,Women"
Shortsleeve Shirt,"Adult,Apparel,Cotton,Hi-Vis,Men,Ripstop,Stretch,Tops"
Shortsleeve Shirt,"Adult,Apparel,Breathable,Cotton,Hi-Vis,Men,Reflective Tape,Ripstop,Stretch,Tops"
Shortsleeve Shirt,"100% Cotton,Adult,Apparel,Cotton,Tops,Twill,Women"
Longsleeve Shirt,"100% Cotton,Adult,Apparel,Cotton,Tops,Twill,Women"
Longsleeve Shirt,"100% Cotton,Adult,Apparel,Cotton,Hi-Vis,Reflective Tape,Tops,Twill,Women,Workwear"
T-Shirt,"100% Cotton,Apparel,Baby,Cotton,Organic Cotton,Short Sleeve,Sustainable,Tops"
T-Shirt,"100% Cotton,Adult,Apparel,Cotton,Organic Cotton,Raglan,Short Sleeve,Sustainable,Unisex"
T-Shirt,"100% Cotton,Adult,Apparel,Cotton,Long Sleeve,Organic Cotton,Sustainable,Unisex"
Singlet,"100% Cotton,Apparel,Baby,Cotton,Organic Cotton,Sustainable,Tops"
T-Shirt,"Adult,Apparel,Cotton,Long Sleeve,Unisex"
Hoodie,"Apparel,Baby,Cotton,Outerwear"
Hoodie,"100% Cotton,Adult,Apparel,Cotton,Outerwear,Raglan,Unisex"
Hoodie,"Adult,Apparel,Cotton,Men,Outerwear,Raglan"
Hoodie,"Adult,Apparel,Cotton,Men,Outerwear"
Hoodie,"Adult,Apparel,Cotton,Outerwear,Raglan,Women"
Hoodie,"Apparel,Cotton,Kids,Outerwear"
Hoodie,"Adult,Apparel,Cotton,Outerwear,Women"
Hoodie,"Adult,Apparel,Cotton,Men,Outerwear,Polyester,Raglan"
Hoodie,"Adult,Apparel,Cotton,Outerwear,Polyester,Raglan,Women"
Hoodie,"Adult,Apparel,Cotton,Men,Outerwear,Polyester"
Hoodie,"Adult,Apparel,Cotton,Outerwear,Polyester,Women"
Hoodie,"Adult,Apparel,Men,Outerwear,Polyester,Raglan"
Hoodie,"Adult,Apparel,Outerwear,Polyester,Raglan,Women"
Sweatshirt,"100% Cotton,Adult,Apparel,Cotton,Outerwear,Raglan,Unisex"
Sweatshirt,"100% Cotton,Apparel,Cotton,Kids,Outerwear,Raglan"
Hoodie,"100% Cotton,Adult,Apparel,Cotton,Men,Outerwear,Raglan"
Hoodie,"100% Cotton,Adult,Apparel,Cotton,Outerwear,Raglan,Women"
T-Shirt,"Adult,Apparel,Cotton,Men,Outerwear,Polyester"
T-Shirt,"Adult,Apparel,Cotton,Outerwear,Polyester,Women"
Hoodie,"Apparel,Cotton,Kids,Outerwear,Polyester"
Sweatshirt,"Apparel,Cotton,Crew Neck,Kids"
Sweatshirt,"Adult,Apparel,Cotton,Outerwear,Polyester,Unisex"
Sweatshirt,"Apparel,Cotton,Kids,Outerwear,Polyester"
Polo,"Adult,Apparel,Cotton,Men,Tops"
Polo,"Adult,Apparel,Cotton,Tops,Unisex"
Polo,"Adult,Apparel,Polyester,Tops,Unisex"
Polo,"Adult,Apparel,Men,Polyester,Tops"
Polo,"Adult,Apparel,Polyester,Tops,Women"
Polo,"Adult,Apparel,Cotton,Tops,Women"
Polo,"Adult,Apparel,Long Sleeve,Tops,Unisex"
Polo,"Adult,Apparel,Short Sleeve,Tops,Unisex"
Other,"100% Cotton,Adult,Apparel,Cotton,Long Sleeve,Men"
Other,"100% Cotton,Adult,Apparel,Cotton,Long Sleeve,Short Sleeve,Women"
Other,"Adult,Apparel,Cotton,Long Sleeve,Men"
Other,"Adult,Apparel,Cotton,Men,Short Sleeve"
Other,"Adult,Apparel,Cotton,Women"
Other,"100% Cotton,Adult,Apparel,Cotton,Long Sleeve,Unisex"
Other,"100% Cotton,Adult,Apparel,Cotton,Short Sleeve,Unisex"
Other,"Adult,Apparel,Cotton,Long Sleeve,Unisex"
Other,"Adult,Apparel,Long Sleeve,Women"
Other,"Adult,Apparel,Short Sleeve,Women"
Other,"Adult,Apparel,Long Sleeve,Men"
T-Shirt,"Adult,Apparel,Cotton,Long Sleeve,Men"
T-Shirt,"Adult,Apparel,Cotton,Men"
T-Shirt,"Adult,Apparel,Cotton,Women"
T-Shirt,"100% Cotton,Adult,Apparel,Cotton,Crew Neck,Men"
T-Shirt,"Adult,Apparel,Cotton,Long Sleeve,Women"
T-Shirt,"100% Cotton,Apparel,Cotton,Kids,Raglan"
T-Shirt,"100% Cotton,Adult,Apparel,Cotton,Men"
T-Shirt,"Adult,Apparel,Cotton,Crew Neck,Men,Tops"
T-Shirt,"100% Cotton,Adult,Apparel,Cotton,Organic Cotton,Sustainable,Tops,Unisex"
T-Shirt,"100% Cotton,Adult,Apparel,Cotton,Long Sleeve,Unisex"
T-Shirt,"100% Cotton,Adult,Apparel,Cotton,Long Sleeve,Men"
T-Shirt,"Adult,Apparel,Cotton,Long Sleeve,Polyester,Raglan,Women"
T-Shirt,"Adult,Apparel,Cotton,Long Sleeve,Men,Polyester"
T-Shirt,"Adult,Apparel,Cotton,Long Sleeve,Polyester,Raglan,Unisex"
T-Shirt,"Adult,Apparel,Long Sleeve,Men"
T-Shirt,"100% Cotton,Adult,Apparel,Cotton,Raglan,Women"
T-Shirt,"Adult,Apparel,Men,Raglan,Tops"
T-Shirt,"Adult,Apparel,Cotton,Short Sleeve,Unisex"
T-Shirt,"100% Cotton,Adult,Apparel,Cotton,Unisex"
T-Shirt,"Apparel,Cotton,Kids"
T-Shirt,"Apparel,Cotton,Crew Neck,Kids,Polyester"
T-Shirt,"Apparel,Kids,Polyester"
Singlet,"Apparel,Kids,Polyester,Tops"
T-Shirt,"Apparel,Cotton,Kids,Tops"
Singlet,"Adult,Apparel,Cotton,Polyester,Unisex"
T-Shirt,"100% Cotton,Apparel,Cotton,Kids,Organic Cotton,Sustainable,Tops"
Singlet,"Adult,Apparel,Cotton,Men,Tops"
Singlet,"Adult,Apparel,Cotton,Tops,Women"
T-Shirt,"100% Cotton,Adult,Apparel,Cotton,Men,Raglan"
T-Shirt,"Adult,Apparel,Women"
T-Shirt,"Adult,Apparel,Cotton,Polyester,Tops,Women"
T-Shirt,"Adult,Apparel,Cotton,Men,Polyester,Tops"
Singlet,"Adult,Apparel,Cotton,Women"
Singlet,"100% Cotton,Adult,Apparel,Cotton,Men"
Singlet,"100% Cotton,Adult,Apparel,Cotton,Women"
Singlet,"Apparel,Cotton,Kids,Tops"
T-Shirt,"Adult,Apparel,Polyester,Women"
T-Shirt,"Adult,Apparel,Men,Polyester"
Singlet,"Adult,Apparel,Men,Polyester,Tops"
T-Shirt,"Adult,Apparel,Cotton,Stretch,Women"
T-Shirt,"Adult,Apparel,Cotton,Tops,Women"
Singlet,"100% Cotton,Adult,Apparel,Cotton,Men,Tops"
T-Shirt,"Adult,Apparel,Cotton,V-Neck,Women"
T-Shirt,"100% Cotton,Adult,Apparel,Cotton,Organic Cotton,Sustainable,Women"
T-Shirt,"100% Cotton,Adult,Apparel,Cotton,Men,Organic Cotton,Sustainable"
T-Shirt,"Adult,Apparel,Cotton,Men,V-Neck"
T-Shirt,"Adult,Apparel,Cotton,Polyester,V-Neck,Women"
T-Shirt,"Adult,Apparel,Cotton,Men,Polyester,V-Neck"
T-Shirt,"Adult,Apparel,Cotton,Crew Neck,Men"
T-Shirt,"Adult,Apparel,Cotton,Crew Neck,Women"
T-Shirt,"Adult,Apparel,Cotton,Crew Neck,Men,Polyester"
Sweatshirt,"Adult,Apparel,Cotton,Unisex"
Hoodie,"Adult,Apparel,Men,Outerwear,Polyester"
T-Shirt,"Adult,Apparel,Polyester,Unisex"
Singlet,"Adult,Apparel,Polyester,Tops,Women"
Hoodie,"Adult,Apparel,Men,Outerwear"
Sweatshirt,"Adult,Apparel,Outerwear,Unisex"
T-Shirt,"Adult,Apparel,Men"
